{
  "L1": {
    "color": "#C23C7F",
    "stations": {
      "Pantitlán": [
        0.801325,
        0.48265
      ],
      "Zaragoza": [
        0.7546,
        0.476
      ],
      "Gómez Farías": [
        0.7308,
        0.4571
      ],
      "Boulevard Puerto Aéreo": [
        0.7217,
        0.4247
      ],
      "Balbuena": [
        0.7153,
        0.394
      ],
      "Moctezuma": [
        0.6861,
        0.3688
      ],
      "San Lázaro": [
        0.6487,
        0.3357
      ],
      "Candelaria": [
        0.61315,
        0.3357
      ],
      "Merced": [
        0.5456,
        0.3956
      ],
      "Pino Suárez": [
        0.51095,
        0.4062
      ],
      "Isabel la Católica": [
        0.4635,
        0.409
      ],
      "Salto del Agua": [
        0.41745,
        0.4082
      ],
      "Balderas": [
        0.34445,
        0.409
      ],
      "Cuauhtémoc": [
        0.3047,
        0.4074
      ],
      "Insurgentes": [
        0.2692,
        0.4074
      ],
      "Sevilla": [
        0.2345,
        0.4318
      ],
      "Chapultepec": [
        0.2007,
        0.4602
      ],
      "Juanacatlán": [
        0.1706,
        0.487
      ],
      "Tacubaya": [
        0.1375,
        0.513267
      ],
      "Observatorio": [
        0.104,
        0.5461
      ]
    }
  },
  "L2": {
    "color": "#1469B5",
    "stations": {
      "Cuatro Caminos": [
        0.0374,
        0.2569
      ],
      "Panteones": [
        0.0912,
        0.2569
      ],
      "Tacuba": [
        0.13595,
        0.2553
      ],
      "Cuitláhuac": [
        0.1569,
        0.2734
      ],
      "Popotla": [
        0.1788,
        0.2947
      ],
      "Colegio Militar": [
        0.2035,
        0.3097
      ],
      "Normal": [
        0.2336,
        0.3105
      ],
      "San Cosme": [
        0.2701,
        0.3097
      ],
      "Revolución": [
        0.3139,
        0.3097
      ],
      "Hidalgo": [
        0.3449,
        0.3113
      ],
      "Bellas Artes": [
        0.41605,
        0.3101
      ],
      "Allende": [
        0.4818,
        0.3215
      ],
      "Zócalo/Tenochtitlan": [
        0.5119,
        0.3562
      ],
      "Pino Suárez": [
        0.51095,
        0.4062
      ],
      "San Antonio Abad": [
        0.5119,
        0.476
      ],
      "Chabacano": [
        0.510633,
        0.511667
      ],
      "Viaducto": [
        0.51,
        0.5524
      ],
      "Xola": [
        0.51,
        0.5776
      ],
      "Villa de Cortés": [
        0.51,
        0.6052
      ],
      "Nativitas": [
        0.51,
        0.6328
      ],
      "Portero": [
        0.51,
        0.6596
      ],
      "Ermita": [
        0.51005,
        0.6879
      ],
      "General Anaya": [
        0.51,
        0.7139
      ],
      "Tasqueña": [
        0.5119,
        0.7415
      ]
    }
  },
  "L3": {
    "color": "#8D8926",
    "stations": {
      "Indios Verdes": [
        0.4398,
        0.0875
      ],
      "Deportivo 18 de Marzo": [
        0.4389,
        0.1489
      ],
      "Potrero": [
        0.4261,
        0.1749
      ],
      "La Raza": [
        0.4,
        0.2
      ],
      "Tlatelolco": [
        0.3759,
        0.2191
      ],
      "Guerrero": [
        0.344,
        0.2821
      ],
      "Hidalgo": [
        0.3449,
        0.3113
      ],
      "Juárez": [
        0.344,
        0.3578
      ],
      "Balderas": [
        0.34445,
        0.409
      ],
      "Niños Héroes": [
        0.344,
        0.4342
      ],
      "Hospital General": [
        0.3449,
        0.4641
      ],
      "Centro Médico": [
        0.34445,
        0.513
      ],
      "Etiopía-Plaza de la Transparencia": [
        0.344,
        0.5406
      ],
      "Eugenia": [
        0.344,
        0.5697
      ],
      "División del Norte": [
        0.3449,
        0.5981
      ],
      "Zapata": [
        0.3449,
        0.6249
      ],
      "Coyoacán": [
        0.344,
        0.6517
      ],
      "Viveros-Derechos Humanos": [
        0.344,
        0.6785
      ],
      "Miguel Ángel de Quevedo": [
        0.344,
        0.7069
      ],
      "Copilco": [
        0.344,
        0.7352
      ],
      "Universidad": [
        0.344,
        0.7604
      ]
    }
  },
  "L4": {
    "color": "#89C6A9",
    "stations": {
      "Martín Carrera": [
        0.6141,
        0.1489
      ],
      "Talismán": [
        0.6122,
        0.1734
      ],
      "Bondojito": [
        0.6122,
        0.1954
      ],
      "Consulado": [
        0.61405,
        0.2348
      ],
      "Canal del Norte": [
        0.6122,
        0.2734
      ],
      "Morelos": [
        0.61175,
        0.3058
      ],
      "Candelaria": [
        0.61315,
        0.3357
      ],
      "Fray Servando": [
        0.6141,
        0.4413
      ],
      "Jamaica": [
        0.61315,
        0.5134
      ],
      "Santa Anita": [
        0.61315,
        0.5571
      ]
    }
  },
  "L5": {
    "color": "#F6B600",
    "stations": {
      "Pantitlán": [
        0.801325,
        0.48265
      ],
      "Hangares": [
        0.8011,
        0.4232
      ],
      "Terminal Aérea": [
        0.7993,
        0.3751
      ],
      "Oceanía": [
        0.745,
        0.29985
      ],
      "Aragón": [
        0.7062,
        0.2664
      ],
      "Eduardo Molina": [
        0.6779,
        0.2411
      ],
      "Consulado": [
        0.61405,
        0.2348
      ],
      "Valle Gómez": [
        0.5255,
        0.234
      ],
      "Misterios": [
        0.4224,
        0.2183
      ],
      "La Raza": [
        0.4,
        0.2
      ],
      "Autobuses del Norte": [
        0.3704,
        0.1734
      ],
      "Instituto del Petróleo": [
        0.344,
        0.1481
      ],
      "Politécnico": [
        0.3047,
        0.1001
      ]
    }
  },
  "L6": {
    "color": "#C90B13",
    "stations": {
      "El Rosario": [
        0.138,
        0.1182
      ],
      "Tezozómoc": [
        0.1551,
        0.1348
      ],
      "UAM-Azcapotzalco": [
        0.1916,
        0.1521
      ],
      "Ferrería/Arena Ciudad de México": [
        0.2254,
        0.1513
      ],
      "Norte 45": [
        0.2692,
        0.1497
      ],
      "Vallejo": [
        0.3002,
        0.1481
      ],
      "Instituto del Petróleo": [
        0.344,
        0.1481
      ],
      "Lindavista": [
        0.408,
        0.1480
      ],
      "Deportivo 18 de Marzo": [
        0.4389,
        0.1489
      ],
      "La Villa-Basílica": [
        0.521,
        0.1513
      ],
      "Martín Carrera": [
        0.6141,
        0.1489
      ]
    }
  },
  "L7": {
    "color": "#E58126",
    "stations": {
      "El Rosario": [
        0.138,
        0.1182
      ],
      "Aquiles Serdán": [
        0.1369,
        0.1552
      ],
      "Camarones": [
        0.1369,
        0.1789
      ],
      "Refinería": [
        0.1387,
        0.2246
      ],
      "Tacuba": [
        0.13595,
        0.2553
      ],
      "San Joaquín": [
        0.1369,
        0.3191
      ],
      "Polanco": [
        0.1369,
        0.3656
      ],
      "Auditorio": [
        0.1387,
        0.4169
      ],
      "Constituyentes": [
        0.1369,
        0.4681
      ],
      "Tacubaya": [
        0.1375,
        0.513267
      ],
      "San Pedro de los Pinos": [
        0.1369,
        0.5603
      ],
      "San Antonio": [
        0.1387,
        0.5887
      ],
      "Mixcoac": [
        0.13595,
        0.6233
      ],
      "Barranca del Muerto": [
        0.1369,
        0.669
      ]
    }
  },
  "L8": {
    "color": "#1F822C",
    "stations": {
      "Garibaldi-Lagunilla": [
        0.41515,
        0.2821
      ],
      "Bellas Artes": [
        0.41605,
        0.3101
      ],
      "San Juan de Letrán": [
        0.4151,
        0.3562
      ],
      "Salto del Agua": [
        0.41745,
        0.4082
      ],
      "Doctores": [
        0.4279,
        0.4452
      ],